Workbook
Name Price: #REF!
Name Price_of___5pm_9pm_Session: #REF!
Name Price2: #REF!
Name Price: #REF!
Name Price_of___5pm_9pm_Session: #REF!
Name Price: #REF!
Name Price_of___5pm_9pm_Session: #REF!
Name Price: #REF!
Name Price_of___5pm_9pm_Session: #REF!
Name Price: #REF!
Name Price_of___5pm_9pm_Session: #REF!
Name Price2: #REF!

Sheet Q1
B2: Total # of Members
B3: 10000
B5: Price | C5: # respondents with WTP = Price | D5: # of respondents willing to pay at least the price | E5: % of respondents willing to pay at least the price | F5: Total demand | G5: Total revenue
B6: 150 | C6: =COUNTIF('Q1 WTP data'!$H$4:$H$116,B6) | D6: =COUNTIF('Q1 WTP data'!$H$4:$H$116,">="&B6) | E6: =D6/113 | F6: =E6*B$3 | G6: =B6*F6
B7: 125 | C7: =COUNTIF('Q1 WTP data'!$H$4:$H$116,B7) | D7: =COUNTIF('Q1 WTP data'!$H$4:$H$116,">="&B7) | E7: =D7/113 | F7: =E7*B$3 | G7: =B7*F7
B8: 100 | C8: =COUNTIF('Q1 WTP data'!$H$4:$H$116,B8) | D8: =COUNTIF('Q1 WTP data'!$H$4:$H$116,">="&B8) | E8: =D8/113 | F8: =E8*B$3 | G8: =B8*F8
B9: 75 | C9: =COUNTIF('Q1 WTP data'!$H$4:$H$116,B9) | D9: =COUNTIF('Q1 WTP data'!$H$4:$H$116,">="&B9) | E9: =D9/113 | F9: =E9*B$3 | G9: =B9*F9
B10: 50 | C10: =COUNTIF('Q1 WTP data'!$H$4:$H$116,B10) | D10: =COUNTIF('Q1 WTP data'!$H$4:$H$116,">="&B10) | E10: =D10/113 | F10: =E10*B$3 | G10: =B10*F10
B11: 25 | C11: =COUNTIF('Q1 WTP data'!$H$4:$H$116,B11) | D11: =COUNTIF('Q1 WTP data'!$H$4:$H$116,">="&B11) | E11: =D11/113 | F11: =E11*B$3 | G11: =B11*F11

Sheet Q1 WTP data
A2: Client | B2: MAXIMUM WTP for each time period | H2: Max.WTP
A3: ID | B3: 6am-9am | C3: 9am-noon | D3: Noon-2pm | E3: 2pm-5pm | F3: 5pm-9pm | G3: 9pm-close | H3: Day
A4: 1 | B4: 75 | C4: 25 | D4: 50 | E4: 25 | F4: 75 | G4: 50 | H4: =MAX(B4:G4)
A5: 2 | B5: 25 | C5: 25 | D5: 25 | E5: 25 | F5: 75 | G5: 75 | H5: =MAX(B5:G5)
A6: 3 | B6: 25 | C6: 25 | D6: 25 | E6: 25 | F6: 50 | G6: 50 | H6: =MAX(B6:G6)
A7: 4 | B7: 25 | C7: 25 | D7: 25 | E7: 25 | F7: 50 | G7: 75 | H7: =MAX(B7:G7)
A8: 5 | B8: 75 | C8: 75 | D8: 75 | E8: 75 | F8: 75 | G8: 75 | H8: =MAX(B8:G8)
A9: 6 | B9: 25 | C9: 25 | D9: 25 | E9: 25 | F9: 75 | G9: 75 | H9: =MAX(B9:G9)
A10: 7 | B10: 25 | C10: 25 | D10: 25 | E10: 25 | F10: 25 | G10: 25 | H10: =MAX(B10:G10)
A11: 8 | B11: 50 | C11: 50 | D11: 50 | E11: 50 | F11: 50 | G11: 50 | H11: =MAX(B11:G11)
A12: 9 | B12: 100 | C12: 100 | D12: 100 | E12: 100 | F12: 100 | G12: 100 | H12: =MAX(B12:G12)
A13: 10 | B13: 100 | C13: 100 | D13: 100 | E13: 100 | F13: 100 | G13: 100 | H13: =MAX(B13:G13)
A14: 11 | B14: 25 | C14: 25 | D14: 25 | E14: 25 | F14: 50 | G14: 25 | H14: =MAX(B14:G14)
A15: 12 | B15: 50 | C15: 75 | D15: 150 | E15: 75 | F15: 150 | G15: 75 | H15: =MAX(B15:G15)
... A116: 113 | B116: 100 | C116: 100 | D116: 75 | E116: 75 | F116: 25 | G116: 25 | H116: =MAX(B116:G116)

Sheet Q2
B2: Total Customers in Sample (surveyed) | D2: ='Q1 WTP data'!A116
B3: Total Population | D3: 10000
B5: Price for NonPeak Hours | C5: Price of Peak Hours (5-9pm) | D5: NonPeak Hour Demand In Sample | E5: Peak Hour Demand In Sample | F5: NonPeak Hour Total Demand | G5: Peak Hour Total Demand | H5: NonPeak Hour Revenue | I5: Peak Hour Revenue | J5: Total Revenue
B6: 50 | C6: 50 | D6: =COUNTIF('Q2-Buy-NoBuy'!J$3:J$115,"N") | E6: =COUNTIF('Q2-Buy-NoBuy'!J$3:J$115,"P") | F6: =D6/$D$2*$D$3 | G6: =E6/$D$2*$D$3 | H6: =B6*F6 | I6: =C6*G6 | J6: =H6+I6
B7: =B6 | C7: 75 | D7: =COUNTIF('Q2-Buy-NoBuy'!K$3:K$115,"N") | E7: =COUNTIF('Q2-Buy-NoBuy'!K$3:K$115,"P") | F7: =D7/$D$2*$D$3 | G7: =E7/$D$2*$D$3 | H7: =B7*F7 | I7: =C7*G7 | J7: =H7+I7
B8: =B7 | C8: 100 | D8: =COUNTIF('Q2-Buy-NoBuy'!L$3:L$115,"N") | E8: =COUNTIF('Q2-Buy-NoBuy'!L$3:L$115,"P") | F8: =D8/$D$2*$D$3 | G8: =E8/$D$2*$D$3 | H8: =B8*F8 | I8: =C8*G8 | J8: =H8+I8
B9: =B8 | C9: 125 | D9: =COUNTIF('Q2-Buy-NoBuy'!M$3:M$115,"N") | E9: =COUNTIF('Q2-Buy-NoBuy'!M$3:M$115,"P") | F9: =D9/$D$2*$D$3 | G9: =E9/$D$2*$D$3 | H9: =B9*F9 | I9: =C9*G9 | J9: =H9+I9
B10: =B9 | C10: 150 | D10: =COUNTIF('Q2-Buy-NoBuy'!N$3:N$115,"N") | E10: =COUNTIF('Q2-Buy-NoBuy'!N$3:N$115,"P") | F10: =D10/$D$2*$D$3 | G10: =E10/$D$2*$D$3 | H10: =B10*F10 | I10: =C10*G10 | J10: =H10+I10

Sheet Q2-Buy-NoBuy
B1: MAX WTP | D1: Net Utility During Non-Peak Hours | E1: Net Utility During Peak Hours | J1: Choice (P: buy peak; N: by non-peak; O: not buy)
A2: ID | B2: Non-Peak | C2: Peak (5-9pm) | D2: ='Q2'!B6 | E2: ='Q1'!B10 | F2: ='Q1'!B9 | G2: ='Q1'!B8 | H2: ='Q1'!B7 | I2: ='Q1'!B6 | J2: =E2 | K2: =F2 | L2: =G2 | M2: =H2 | N2: =I2
A3: 1 | B3: =MAX('Q1 WTP data'!B4:E4,'Q1 WTP data'!G4) | C3: ='Q1 WTP data'!F4 | D3: =B3-D$2 | E3: =C3-E$2 | F3: =C3-F$2 | G3: =C3-G$2 | H3: =C3-H$2 | I3: =C3-I$2 | J3: =IF(AND(E3>=D3,E3>=0),"P",IF(D3>=0,"N","O")) | K3: =IF(AND(F3>=D3,F3>=0),"P",IF(D3>=0,"N","O")) | L3: =IF(AND(G3>=D3,G3>=0),"P",IF(D3>=0,"N","O")) | M3: =IF(AND(H3>=D3,H3>=0),"P",IF(D3>=0,"N","O")) | N3: =IF(AND(I3>=D3,I3>=0),"P",IF(D3>=0,"N","O"))
A4: 2 | B4: =MAX('Q1 WTP data'!B5:E5,'Q1 WTP data'!G5) | C4: ='Q1 WTP data'!F5 | D4: =B4-D$2 | E4: =C4-E$2 | F4: =C4-F$2 | G4: =C4-G$2 | H4: =C4-H$2 | I4: =C4-I$2 | J4: =IF(AND(E4>=D4,E4>=0),"P",IF(D4>=0,"N","O")) | K4: =IF(AND(F4>=D4,F4>=0),"P",IF(D4>=0,"N","O")) | L4: =IF(AND(G4>=D4,G4>=0),"P",IF(D4>=0,"N","O")) | M4: =IF(AND(H4>=D4,H4>=0),"P",IF(D4>=0,"N","O")) | N4: =IF(AND(I4>=D4,I4>=0),"P",IF(D4>=0,"N","O"))
A5: 3 | B5: =MAX('Q1 WTP data'!B6:E6,'Q1 WTP data'!G6) | C5: ='Q1 WTP data'!F6 | D5: =B5-D$2 | E5: =C5-E$2 | F5: =C5-F$2 | G5: =C5-G$2 | H5: =C5-H$2 | I5: =C5-I$2 | J5: =IF(AND(E5>=D5,E5>=0),"P",IF(D5>=0,"N","O")) | K5: =IF(AND(F5>=D5,F5>=0),"P",IF(D5>=0,"N","O")) | L5: =IF(AND(G5>=D5,G5>=0),"P",IF(D5>=0,"N","O")) | M5: =IF(AND(H5>=D5,H5>=0),"P",IF(D5>=0,"N","O")) | N5: =IF(AND(I5>=D5,I5>=0),"P",IF(D5>=0,"N","O"))
A6: 4 | B6: =MAX('Q1 WTP data'!B7:E7,'Q1 WTP data'!G7) | C6: ='Q1 WTP data'!F7 | D6: =B6-D$2 | E6: =C6-E$2 | F6: =C6-F$2 | G6: =C6-G$2 | H6: =C6-H$2 | I6: =C6-I$2 | J6: =IF(AND(E6>=D6,E6>=0),"P",IF(D6>=0,"N","O")) | K6: =IF(AND(F6>=D6,F6>=0),"P",IF(D6>=0,"N","O")) | L6: =IF(AND(G6>=D6,G6>=0),"P",IF(D6>=0,"N","O")) | M6: =IF(AND(H6>=D6,H6>=0),"P",IF(D6>=0,"N","O")) | N6: =IF(AND(I6>=D6,I6>=0),"P",IF(D6>=0,"N","O"))
A7: 5 | B7: =MAX('Q1 WTP data'!B8:E8,'Q1 WTP data'!G8) | C7: ='Q1 WTP data'!F8 | D7: =B7-D$2 | E7: =C7-E$2 | F7: =C7-F$2 | G7: =C7-G$2 | H7: =C7-H$2 | I7: =C7-I$2 | J7: =IF(AND(E7>=D7,E7>=0),"P",IF(D7>=0,"N","O")) | K7: =IF(AND(F7>=D7,F7>=0),"P",IF(D7>=0,"N","O")) | L7: =IF(AND(G7>=D7,G7>=0),"P",IF(D7>=0,"N","O")) | M7: =IF(AND(H7>=D7,H7>=0),"P",IF(D7>=0,"N","O")) | N7: =IF(AND(I7>=D7,I7>=0),"P",IF(D7>=0,"N","O"))
A8: 6 | B8: =MAX('Q1 WTP data'!B9:E9,'Q1 WTP data'!G9) | C8: ='Q1 WTP data'!F9 | D8: =B8-D$2 | E8: =C8-E$2 | F8: =C8-F$2 | G8: =C8-G$2 | H8: =C8-H$2 | I8: =C8-I$2 | J8: =IF(AND(E8>=D8,E8>=0),"P",IF(D8>=0,"N","O")) | K8: =IF(AND(F8>=D8,F8>=0),"P",IF(D8>=0,"N","O")) | L8: =IF(AND(G8>=D8,G8>=0),"P",IF(D8>=0,"N","O")) | M8: =IF(AND(H8>=D8,H8>=0),"P",IF(D8>=0,"N","O")) | N8: =IF(AND(I8>=D8,I8>=0),"P",IF(D8>=0,"N","O"))
A9: 7 | B9: =MAX('Q1 WTP data'!B10:E10,'Q1 WTP data'!G10) | C9: ='Q1 WTP data'!F10 | D9: =B9-D$2 | E9: =C9-E$2 | F9: =C9-F$2 | G9: =C9-G$2 | H9: =C9-H$2 | I9: =C9-I$2 | J9: =IF(AND(E9>=D9,E9>=0),"P",IF(D9>=0,"N","O")) | K9: =IF(AND(F9>=D9,F9>=0),"P",IF(D9>=0,"N","O")) | L9: =IF(AND(G9>=D9,G9>=0),"P",IF(D9>=0,"N","O")) | M9: =IF(AND(H9>=D9,H9>=0),"P",IF(D9>=0,"N","O")) | N9: =IF(AND(I9>=D9,I9>=0),"P",IF(D9>=0,"N","O"))
A10: 8 | B10: =MAX('Q1 WTP data'!B11:E11,'Q1 WTP data'!G11) | C10: ='Q1 WTP data'!F11 | D10: =B10-D$2 | E10: =C10-E$2 | F10: =C10-F$2 | G10: =C10-G$2 | H10: =C10-H$2 | I10: =C10-I$2 | J10: =IF(AND(E10>=D10,E10>=0),"P",IF(D10>=0,"N","O")) | K10: =IF(AND(F10>=D10,F10>=0),"P",IF(D10>=0,"N","O")) | L10: =IF(AND(G10>=D10,G10>=0),"P",IF(D10>=0,"N","O")) | M10: =IF(AND(H10>=D10,H10>=0),"P",IF(D10>=0,"N","O")) | N10: =IF(AND(I10>=D10,I10>=0),"P",IF(D10>=0,"N","O"))
A11: 9 | B11: =MAX('Q1 WTP data'!B12:E12,'Q1 WTP data'!G12) | C11: ='Q1 WTP data'!F12 | D11: =B11-D$2 | E11: =C11-E$2 | F11: =C11-F$2 | G11: =C11-G$2 | H11: =C11-H$2 | I11: =C11-I$2 | J11: =IF(AND(E11>=D11,E11>=0),"P",IF(D11>=0,"N","O")) | K11: =IF(AND(F11>=D11,F11>=0),"P",IF(D11>=0,"N","O")) | L11: =IF(AND(G11>=D11,G11>=0),"P",IF(D11>=0,"N","O")) | M11: =IF(AND(H11>=D11,H11>=0),"P",IF(D11>=0,"N","O")) | N11: =IF(AND(I11>=D11,I11>=0),"P",IF(D11>=0,"N","O"))
A12: 10 | B12: =MAX('Q1 WTP data'!B13:E13,'Q1 WTP data'!G13) | C12: ='Q1 WTP data'!F13 | D12: =B12-D$2 | E12: =C12-E$2 | F12: =C12-F$2 | G12: =C12-G$2 | H12: =C12-H$2 | I12: =C12-I$2 | J12: =IF(AND(E12>=D12,E12>=0),"P",IF(D12>=0,"N","O")) | K12: =IF(AND(F12>=D12,F12>=0),"P",IF(D12>=0,"N","O")) | L12: =IF(AND(G12>=D12,G12>=0),"P",IF(D12>=0,"N","O")) | M12: =IF(AND(H12>=D12,H12>=0),"P",IF(D12>=0,"N","O")) | N12: =IF(AND(I12>=D12,I12>=0),"P",IF(D12>=0,"N","O"))
A13: 11 | B13: =MAX('Q1 WTP data'!B14:E14,'Q1 WTP data'!G14) | C13: ='Q1 WTP data'!F14 | D13: =B13-D$2 | E13: =C13-E$2 | F13: =C13-F$2 | G13: =C13-G$2 | H13: =C13-H$2 | I13: =C13-I$2 | J13: =IF(AND(E13>=D13,E13>=0),"P",IF(D13>=0,"N","O")) | K13: =IF(AND(F13>=D13,F13>=0),"P",IF(D13>=0,"N","O")) | L13: =IF(AND(G13>=D13,G13>=0),"P",IF(D13>=0,"N","O")) | M13: =IF(AND(H13>=D13,H13>=0),"P",IF(D13>=0,"N","O")) | N13: =IF(AND(I13>=D13,I13>=0),"P",IF(D13>=0,"N","O"))
A14: 12 | B14: =MAX('Q1 WTP data'!B15:E15,'Q1 WTP data'!G15) | C14: ='Q1 WTP data'!F15 | D14: =B14-D$2 | E14: =C14-E$2 | F14: =C14-F$2 | G14: =C14-G$2 | H14: =C14-H$2 | I14: =C14-I$2 | J14: =IF(AND(E14>=D14,E14>=0),"P",IF(D14>=0,"N","O")) | K14: =IF(AND(F14>=D14,F14>=0),"P",IF(D14>=0,"N","O")) | L14: =IF(AND(G14>=D14,G14>=0),"P",IF(D14>=0,"N","O")) | M14: =IF(AND(H14>=D14,H14>=0),"P",IF(D14>=0,"N","O")) | N14: =IF(AND(I14>=D14,I14>=0),"P",IF(D14>=0,"N","O"))
... A115: 113 | B115: =MAX('Q1 WTP data'!B116:E116,'Q1 WTP data'!G116) | C115: ='Q1 WTP data'!F116 | D115: =B115-D$2 | E115: =C115-E$2 | F115: =C115-F$2 | G115: =C115-G$2 | H115: =C115-H$2 | I115: =C115-I$2 | J115: =IF(AND(E115>=D115,E115>=0),"P",IF(D115>=0,"N","O")) | K115: =IF(AND(F115>=D115,F115>=0),"P",IF(D115>=0,"N","O")) | L115: =IF(AND(G115>=D115,G115>=0),"P",IF(D115>=0,"N","O")) | M115: =IF(AND(H115>=D115,H115>=0),"P",IF(D115>=0,"N","O")) | N115: =IF(AND(I115>=D115,I115>=0),"P",IF(D115>=0,"N","O"))

Sheet Q3-StudentPrice
B1: Total Population | D1: ='Q1'!B3
B2: Total Customers in sample | D2: 113
B3: Total Students in sample | D3: 33
B4: Total Student Population | D4: =D3/D2*D1
B6: Price | C6: # student respondents with WTP = Price | D6: # of student respondents willing to pay at least the price | E6: % of student respondents willing to pay at least the price | F6: Total demand | G6: Total revenue
B7: 150 | C7: =COUNTIF('Q3-Student WTP'!$H$4:$H$36,B7) | D7: =COUNTIF('Q3-Student WTP'!$H$4:$H$36,">="&B7) | E7: =D7/D$3 | F7: =E7*D$4 | G7: =B7*F7
B8: 125 | C8: =COUNTIF('Q3-Student WTP'!$H$4:$H$36,B8) | D8: =COUNTIF('Q3-Student WTP'!$H$4:$H$36,">="&B8) | E8: =D8/D$3 | F8: =E8*D$4 | G8: =B8*F8
B9: 100 | C9: =COUNTIF('Q3-Student WTP'!$H$4:$H$36,B9) | D9: =COUNTIF('Q3-Student WTP'!$H$4:$H$36,">="&B9) | E9: =D9/D$3 | F9: =E9*D$4 | G9: =B9*F9
B10: 75 | C10: =COUNTIF('Q3-Student WTP'!$H$4:$H$36,B10) | D10: =COUNTIF('Q3-Student WTP'!$H$4:$H$36,">="&B10) | E10: =D10/D$3 | F10: =E10*D$4 | G10: =B10*F10
B11: 50 | C11: =COUNTIF('Q3-Student WTP'!$H$4:$H$36,B11) | D11: =COUNTIF('Q3-Student WTP'!$H$4:$H$36,">="&B11) | E11: =D11/D$3 | F11: =E11*D$4 | G11: =B11*F11
B12: 25 | C12: =COUNTIF('Q3-Student WTP'!$H$4:$H$36,B12) | D12: =COUNTIF('Q3-Student WTP'!$H$4:$H$36,">="&B12) | E12: =D12/D$3 | F12: =E12*D$4 | G12: =B12*F12

Sheet Q3-nonStudentPrice
B1: Total Population | D1: ='Q1'!B3
B2: Total Customers in sample | D2: 113
B3: Total Non-Students in sample | D3: 80
B4: Total Non-Student Population | D4: =D3/D2*D1
B6: Price | C6: # non-student respondents with WTP = Price | D6: # of non-student respondents willing to pay at least the price | E6: % of non-student respondents willing to pay at least the price | F6: Total demand | G6: Total revenue
B7: 150 | C7: =COUNTIF('Q3-NonStudent WTP'!$H$4:$H$83,B7) | D7: =COUNTIF('Q3-NonStudent WTP'!$H$4:$H$83,">="&B7) | E7: =D7/D$3 | F7: =E7*D$4 | G7: =B7*F7
B8: 125 | C8: =COUNTIF('Q3-NonStudent WTP'!$H$4:$H$83,B8) | D8: =COUNTIF('Q3-NonStudent WTP'!$H$4:$H$83,">="&B8) | E8: =D8/D$3 | F8: =E8*D$4 | G8: =B8*F8
B9: 100 | C9: =COUNTIF('Q3-NonStudent WTP'!$H$4:$H$83,B9) | D9: =COUNTIF('Q3-NonStudent WTP'!$H$4:$H$83,">="&B9) | E9: =D9/D$3 | F9: =E9*D$4 | G9: =B9*F9
B10: 75 | C10: =COUNTIF('Q3-NonStudent WTP'!$H$4:$H$83,B10) | D10: =COUNTIF('Q3-NonStudent WTP'!$H$4:$H$83,">="&B10) | E10: =D10/D$3 | F10: =E10*D$4 | G10: =B10*F10
B11: 50 | C11: =COUNTIF('Q3-NonStudent WTP'!$H$4:$H$83,B11) | D11: =COUNTIF('Q3-NonStudent WTP'!$H$4:$H$83,">="&B11) | E11: =D11/D$3 | F11: =E11*D$4 | G11: =B11*F11
B12: 25 | C12: =COUNTIF('Q3-NonStudent WTP'!$H$4:$H$83,B12) | D12: =COUNTIF('Q3-NonStudent WTP'!$H$4:$H$83,">="&B12) | E12: =D12/D$3 | F12: =E12*D$4 | G12: =B12*F12

Sheet Q3-Student WTP
J1: Student Price | K1: 50
A2: Client | B2: MAXIMUM WTP for each time period | H2: Max.WTP | J2: Net Utility | Q2: Max Net Utility | R2: Buy | S2: # Acceptable Time Slots | U2: Probability of Buying a Time Slot
A3: ID | B3: 6am-9am | C3: 9am-noon | D3: Noon-2pm | E3: 2pm-5pm | F3: 5pm-9pm | G3: 9pm-close | H3: Day | J3: not buy | K3: 6am-9am | L3: 9am-noon | M3: Noon-2pm | N3: 2pm-5pm | O3: 5pm-9pm | P3: 9pm-close | Q3: Day | U3: 6am-9am | V3: 9am-noon | W3: Noon-2pm | X3: 2pm-5pm | Y3: 5pm-9pm | Z3: 9pm-close
A4: 1 | B4: 75 | C4: 25 | D4: 50 | E4: 25 | F4: 75 | G4: 50 | H4: =MAX(B4:G4) | J4: 0 | K4: =B4-$K$1 | L4: =C4-$K$1 | M4: =D4-$K$1 | N4: =E4-$K$1 | O4: =F4-$K$1 | P4: =G4-$K$1 | Q4: =MAX(J4:P4) | R4: =IF(MAX(K4:P4)>=0,1,0) | S4: =IF(R4=1,COUNTIF(K4:P4,Q4),0) | U4: =IF(AND(R4=1,K4=Q4),1/S4,0) | V4: =IF(AND(R4=1,L4=Q4),1/S4,0) | W4: =IF(AND(R4=1,M4=Q4),1/S4,0) | X4: =IF(AND(R4=1,N4=Q4),1/S4,0) | Y4: =IF(AND(R4=1,O4=Q4),1/S4,0) | Z4: =IF(AND(R4=1,P4=Q4),1/S4,0)
A5: 4 | B5: 25 | C5: 25 | D5: 25 | E5: 25 | F5: 50 | G5: 75 | H5: =MAX(B5:G5) | J5: 0 | K5: =B5-$K$1 | L5: =C5-$K$1 | M5: =D5-$K$1 | N5: =E5-$K$1 | O5: =F5-$K$1 | P5: =G5-$K$1 | Q5: =MAX(J5:P5) | R5: =IF(MAX(K5:P5)>=0,1,0) | S5: =IF(R5=1,COUNTIF(K5:P5,Q5),0) | U5: =IF(AND(R5=1,K5=Q5),1/S5,0) | V5: =IF(AND(R5=1,L5=Q5),1/S5,0) | W5: =IF(AND(R5=1,M5=Q5),1/S5,0) | X5: =IF(AND(R5=1,N5=Q5),1/S5,0) | Y5: =IF(AND(R5=1,O5=Q5),1/S5,0) | Z5: =IF(AND(R5=1,P5=Q5),1/S5,0)
A6: 7 | B6: 25 | C6: 25 | D6: 25 | E6: 25 | F6: 25 | G6: 25 | H6: =MAX(B6:G6) | J6: 0 | K6: =B6-$K$1 | L6: =C6-$K$1 | M6: =D6-$K$1 | N6: =E6-$K$1 | O6: =F6-$K$1 | P6: =G6-$K$1 | Q6: =MAX(J6:P6) | R6: =IF(MAX(K6:P6)>=0,1,0) | S6: =IF(R6=1,COUNTIF(K6:P6,Q6),0) | U6: =IF(AND(R6=1,K6=Q6),1/S6,0) | V6: =IF(AND(R6=1,L6=Q6),1/S6,0) | W6: =IF(AND(R6=1,M6=Q6),1/S6,0) | X6: =IF(AND(R6=1,N6=Q6),1/S6,0) | Y6: =IF(AND(R6=1,O6=Q6),1/S6,0) | Z6: =IF(AND(R6=1,P6=Q6),1/S6,0)
A7: 8 | B7: 50 | C7: 50 | D7: 50 | E7: 50 | F7: 50 | G7: 50 | H7: =MAX(B7:G7) | J7: 0 | K7: =B7-$K$1 | L7: =C7-$K$1 | M7: =D7-$K$1 | N7: =E7-$K$1 | O7: =F7-$K$1 | P7: =G7-$K$1 | Q7: =MAX(J7:P7) | R7: =IF(MAX(K7:P7)>=0,1,0) | S7: =IF(R7=1,COUNTIF(K7:P7,Q7),0) | U7: =IF(AND(R7=1,K7=Q7),1/S7,0) | V7: =IF(AND(R7=1,L7=Q7),1/S7,0) | W7: =IF(AND(R7=1,M7=Q7),1/S7,0) | X7: =IF(AND(R7=1,N7=Q7),1/S7,0) | Y7: =IF(AND(R7=1,O7=Q7),1/S7,0) | Z7: =IF(AND(R7=1,P7=Q7),1/S7,0)
A8: 23 | B8: 25 | C8: 25 | D8: 25 | E8: 25 | F8: 25 | G8: 25 | H8: =MAX(B8:G8) | J8: 0 | K8: =B8-$K$1 | L8: =C8-$K$1 | M8: =D8-$K$1 | N8: =E8-$K$1 | O8: =F8-$K$1 | P8: =G8-$K$1 | Q8: =MAX(J8:P8) | R8: =IF(MAX(K8:P8)>=0,1,0) | S8: =IF(R8=1,COUNTIF(K8:P8,Q8),0) | U8: =IF(AND(R8=1,K8=Q8),1/S8,0) | V8: =IF(AND(R8=1,L8=Q8),1/S8,0) | W8: =IF(AND(R8=1,M8=Q8),1/S8,0) | X8: =IF(AND(R8=1,N8=Q8),1/S8,0) | Y8: =IF(AND(R8=1,O8=Q8),1/S8,0) | Z8: =IF(AND(R8=1,P8=Q8),1/S8,0)
A9: 26 | B9: 25 | C9: 25 | D9: 25 | E9: 25 | F9: 50 | G9: 50 | H9: =MAX(B9:G9) | J9: 0 | K9: =B9-$K$1 | L9: =C9-$K$1 | M9: =D9-$K$1 | N9: =E9-$K$1 | O9: =F9-$K$1 | P9: =G9-$K$1 | Q9: =MAX(J9:P9) | R9: =IF(MAX(K9:P9)>=0,1,0) | S9: =IF(R9=1,COUNTIF(K9:P9,Q9),0) | U9: =IF(AND(R9=1,K9=Q9),1/S9,0) | V9: =IF(AND(R9=1,L9=Q9),1/S9,0) | W9: =IF(AND(R9=1,M9=Q9),1/S9,0) | X9: =IF(AND(R9=1,N9=Q9),1/S9,0) | Y9: =IF(AND(R9=1,O9=Q9),1/S9,0) | Z9: =IF(AND(R9=1,P9=Q9),1/S9,0)
A10: 28 | B10: 75 | C10: 75 | D10: 75 | E10: 75 | F10: 75 | G10: 75 | H10: =MAX(B10:G10) | J10: 0 | K10: =B10-$K$1 | L10: =C10-$K$1 | M10: =D10-$K$1 | N10: =E10-$K$1 | O10: =F10-$K$1 | P10: =G10-$K$1 | Q10: =MAX(J10:P10) | R10: =IF(MAX(K10:P10)>=0,1,0) | S10: =IF(R10=1,COUNTIF(K10:P10,Q10),0) | U10: =IF(AND(R10=1,K10=Q10),1/S10,0) | V10: =IF(AND(R10=1,L10=Q10),1/S10,0) | W10: =IF(AND(R10=1,M10=Q10),1/S10,0) | X10: =IF(AND(R10=1,N10=Q10),1/S10,0) | Y10: =IF(AND(R10=1,O10=Q10),1/S10,0) | Z10: =IF(AND(R10=1,P10=Q10),1/S10,0)
A11: 29 | B11: 25 | C11: 25 | D11: 25 | E11: 25 | F11: 25 | G11: 25 | H11: =MAX(B11:G11) | J11: 0 | K11: =B11-$K$1 | L11: =C11-$K$1 | M11: =D11-$K$1 | N11: =E11-$K$1 | O11: =F11-$K$1 | P11: =G11-$K$1 | Q11: =MAX(J11:P11) | R11: =IF(MAX(K11:P11)>=0,1,0) | S11: =IF(R11=1,COUNTIF(K11:P11,Q11),0) | U11: =IF(AND(R11=1,K11=Q11),1/S11,0) | V11: =IF(AND(R11=1,L11=Q11),1/S11,0) | W11: =IF(AND(R11=1,M11=Q11),1/S11,0) | X11: =IF(AND(R11=1,N11=Q11),1/S11,0) | Y11: =IF(AND(R11=1,O11=Q11),1/S11,0) | Z11: =IF(AND(R11=1,P11=Q11),1/S11,0)
A12: 30 | B12: 50 | C12: 25 | D12: 25 | E12: 25 | F12: 50 | G12: 25 | H12: =MAX(B12:G12) | J12: 0 | K12: =B12-$K$1 | L12: =C12-$K$1 | M12: =D12-$K$1 | N12: =E12-$K$1 | O12: =F12-$K$1 | P12: =G12-$K$1 | Q12: =MAX(J12:P12) | R12: =IF(MAX(K12:P12)>=0,1,0) | S12: =IF(R12=1,COUNTIF(K12:P12,Q12),0) | U12: =IF(AND(R12=1,K12=Q12),1/S12,0) | V12: =IF(AND(R12=1,L12=Q12),1/S12,0) | W12: =IF(AND(R12=1,M12=Q12),1/S12,0) | X12: =IF(AND(R12=1,N12=Q12),1/S12,0) | Y12: =IF(AND(R12=1,O12=Q12),1/S12,0) | Z12: =IF(AND(R12=1,P12=Q12),1/S12,0)
A13: 35 | B13: 25 | C13: 25 | D13: 25 | E13: 25 | F13: 75 | G13: 75 | H13: =MAX(B13:G13) | J13: 0 | K13: =B13-$K$1 | L13: =C13-$K$1 | M13: =D13-$K$1 | N13: =E13-$K$1 | O13: =F13-$K$1 | P13: =G13-$K$1 | Q13: =MAX(J13:P13) | R13: =IF(MAX(K13:P13)>=0,1,0) | S13: =IF(R13=1,COUNTIF(K13:P13,Q13),0) | U13: =IF(AND(R13=1,K13=Q13),1/S13,0) | V13: =IF(AND(R13=1,L13=Q13),1/S13,0) | W13: =IF(AND(R13=1,M13=Q13),1/S13,0) | X13: =IF(AND(R13=1,N13=Q13),1/S13,0) | Y13: =IF(AND(R13=1,O13=Q13),1/S13,0) | Z13: =IF(AND(R13=1,P13=Q13),1/S13,0)
A14: 36 | B14: 25 | C14: 25 | D14: 25 | E14: 25 | F14: 25 | G14: 25 | H14: =MAX(B14:G14) | J14: 0 | K14: =B14-$K$1 | L14: =C14-$K$1 | M14: =D14-$K$1 | N14: =E14-$K$1 | O14: =F14-$K$1 | P14: =G14-$K$1 | Q14: =MAX(J14:P14) | R14: =IF(MAX(K14:P14)>=0,1,0) | S14: =IF(R14=1,COUNTIF(K14:P14,Q14),0) | U14: =IF(AND(R14=1,K14=Q14),1/S14,0) | V14: =IF(AND(R14=1,L14=Q14),1/S14,0) | W14: =IF(AND(R14=1,M14=Q14),1/S14,0) | X14: =IF(AND(R14=1,N14=Q14),1/S14,0) | Y14: =IF(AND(R14=1,O14=Q14),1/S14,0) | Z14: =IF(AND(R14=1,P14=Q14),1/S14,0)
A15: 38 | B15: 25 | C15: 25 | D15: 25 | E15: 25 | F15: 25 | G15: 25 | H15: =MAX(B15:G15) | J15: 0 | K15: =B15-$K$1 | L15: =C15-$K$1 | M15: =D15-$K$1 | N15: =E15-$K$1 | O15: =F15-$K$1 | P15: =G15-$K$1 | Q15: =MAX(J15:P15) | R15: =IF(MAX(K15:P15)>=0,1,0) | S15: =IF(R15=1,COUNTIF(K15:P15,Q15),0) | U15: =IF(AND(R15=1,K15=Q15),1/S15,0) | V15: =IF(AND(R15=1,L15=Q15),1/S15,0) | W15: =IF(AND(R15=1,M15=Q15),1/S15,0) | X15: =IF(AND(R15=1,N15=Q15),1/S15,0) | Y15: =IF(AND(R15=1,O15=Q15),1/S15,0) | Z15: =IF(AND(R15=1,P15=Q15),1/S15,0)
... A36: 112 | B36: 25 | C36: 25 | D36: 25 | E36: 25 | F36: 25 | G36: 25 | H36: =MAX(B36:G36) | J36: 0 | K36: =B36-$K$1 | L36: =C36-$K$1 | M36: =D36-$K$1 | N36: =E36-$K$1 | O36: =F36-$K$1 | P36: =G36-$K$1 | Q36: =MAX(J36:P36) | R36: =IF(MAX(K36:P36)>=0,1,0) | S36: =IF(R36=1,COUNTIF(K36:P36,Q36),0) | U36: =IF(AND(R36=1,K36=Q36),1/S36,0) | V36: =IF(AND(R36=1,L36=Q36),1/S36,0) | W36: =IF(AND(R36=1,M36=Q36),1/S36,0) | X36: =IF(AND(R36=1,N36=Q36),1/S36,0) | Y36: =IF(AND(R36=1,O36=Q36),1/S36,0) | Z36: =IF(AND(R36=1,P36=Q36),1/S36,0)
T37: Total Student Demand | U37: =SUM(U4:U36) | V37: =SUM(V4:V36) | W37: =SUM(W4:W36) | X37: =SUM(X4:X36) | Y37: =SUM(Y4:Y36) | Z37: =SUM(Z4:Z36)

Sheet Q3-NonStudent WTP
J1: Non Student Price | K1: 75
A2: Client | B2: MAXIMUM WTP for each time period | H2: Max.WTP | J2: Net Utility | Q2: Max Net Utility | R2: Buy | S2: # Acceptable Time Slots | U2: Probability of Buying a Time Slot
A3: ID | B3: 6am-9am | C3: 9am-noon | D3: Noon-2pm | E3: 2pm-5pm | F3: 5pm-9pm | G3: 9pm-close | H3: Day | J3: not buy | K3: 6am-9am | L3: 9am-noon | M3: Noon-2pm | N3: 2pm-5pm | O3: 5pm-9pm | P3: 9pm-close | Q3: Day | U3: 6am-9am | V3: 9am-noon | W3: Noon-2pm | X3: 2pm-5pm | Y3: 5pm-9pm | Z3: 9pm-close
A4: 2 | B4: 25 | C4: 25 | D4: 25 | E4: 25 | F4: 75 | G4: 75 | H4: =MAX(B4:G4) | J4: 0 | K4: =B4-$K$1 | L4: =C4-$K$1 | M4: =D4-$K$1 | N4: =E4-$K$1 | O4: =F4-$K$1 | P4: =G4-$K$1 | Q4: =MAX(J4:P4) | R4: =IF(MAX(K4:P4)>=0,1,0) | S4: =IF(R4=1,COUNTIF(K4:P4,Q4),0) | U4: =IF(AND(R4=1,K4=Q4),1/S4,0) | V4: =IF(AND(R4=1,L4=Q4),1/S4,0) | W4: =IF(AND(R4=1,M4=Q4),1/S4,0) | X4: =IF(AND(R4=1,N4=Q4),1/S4,0) | Y4: =IF(AND(R4=1,O4=Q4),1/S4,0) | Z4: =IF(AND(R4=1,P4=Q4),1/S4,0)
A5: 3 | B5: 25 | C5: 25 | D5: 25 | E5: 25 | F5: 50 | G5: 50 | H5: =MAX(B5:G5) | J5: 0 | K5: =B5-$K$1 | L5: =C5-$K$1 | M5: =D5-$K$1 | N5: =E5-$K$1 | O5: =F5-$K$1 | P5: =G5-$K$1 | Q5: =MAX(J5:P5) | R5: =IF(MAX(K5:P5)>=0,1,0) | S5: =IF(R5=1,COUNTIF(K5:P5,Q5),0) | U5: =IF(AND(R5=1,K5=Q5),1/S5,0) | V5: =IF(AND(R5=1,L5=Q5),1/S5,0) | W5: =IF(AND(R5=1,M5=Q5),1/S5,0) | X5: =IF(AND(R5=1,N5=Q5),1/S5,0) | Y5: =IF(AND(R5=1,O5=Q5),1/S5,0) | Z5: =IF(AND(R5=1,P5=Q5),1/S5,0)
A6: 5 | B6: 75 | C6: 75 | D6: 75 | E6: 75 | F6: 75 | G6: 75 | H6: =MAX(B6:G6) | J6: 0 | K6: =B6-$K$1 | L6: =C6-$K$1 | M6: =D6-$K$1 | N6: =E6-$K$1 | O6: =F6-$K$1 | P6: =G6-$K$1 | Q6: =MAX(J6:P6) | R6: =IF(MAX(K6:P6)>=0,1,0) | S6: =IF(R6=1,COUNTIF(K6:P6,Q6),0) | U6: =IF(AND(R6=1,K6=Q6),1/S6,0) | V6: =IF(AND(R6=1,L6=Q6),1/S6,0) | W6: =IF(AND(R6=1,M6=Q6),1/S6,0) | X6: =IF(AND(R6=1,N6=Q6),1/S6,0) | Y6: =IF(AND(R6=1,O6=Q6),1/S6,0) | Z6: =IF(AND(R6=1,P6=Q6),1/S6,0)
A7: 6 | B7: 25 | C7: 25 | D7: 25 | E7: 25 | F7: 75 | G7: 75 | H7: =MAX(B7:G7) | J7: 0 | K7: =B7-$K$1 | L7: =C7-$K$1 | M7: =D7-$K$1 | N7: =E7-$K$1 | O7: =F7-$K$1 | P7: =G7-$K$1 | Q7: =MAX(J7:P7) | R7: =IF(MAX(K7:P7)>=0,1,0) | S7: =IF(R7=1,COUNTIF(K7:P7,Q7),0) | U7: =IF(AND(R7=1,K7=Q7),1/S7,0) | V7: =IF(AND(R7=1,L7=Q7),1/S7,0) | W7: =IF(AND(R7=1,M7=Q7),1/S7,0) | X7: =IF(AND(R7=1,N7=Q7),1/S7,0) | Y7: =IF(AND(R7=1,O7=Q7),1/S7,0) | Z7: =IF(AND(R7=1,P7=Q7),1/S7,0)
A8: 9 | B8: 100 | C8: 100 | D8: 100 | E8: 100 | F8: 100 | G8: 100 | H8: =MAX(B8:G8) | J8: 0 | K8: =B8-$K$1 | L8: =C8-$K$1 | M8: =D8-$K$1 | N8: =E8-$K$1 | O8: =F8-$K$1 | P8: =G8-$K$1 | Q8: =MAX(J8:P8) | R8: =IF(MAX(K8:P8)>=0,1,0) | S8: =IF(R8=1,COUNTIF(K8:P8,Q8),0) | U8: =IF(AND(R8=1,K8=Q8),1/S8,0) | V8: =IF(AND(R8=1,L8=Q8),1/S8,0) | W8: =IF(AND(R8=1,M8=Q8),1/S8,0) | X8: =IF(AND(R8=1,N8=Q8),1/S8,0) | Y8: =IF(AND(R8=1,O8=Q8),1/S8,0) | Z8: =IF(AND(R8=1,P8=Q8),1/S8,0)
A9: 10 | B9: 100 | C9: 100 | D9: 100 | E9: 100 | F9: 100 | G9: 100 | H9: =MAX(B9:G9) | J9: 0 | K9: =B9-$K$1 | L9: =C9-$K$1 | M9: =D9-$K$1 | N9: =E9-$K$1 | O9: =F9-$K$1 | P9: =G9-$K$1 | Q9: =MAX(J9:P9) | R9: =IF(MAX(K9:P9)>=0,1,0) | S9: =IF(R9=1,COUNTIF(K9:P9,Q9),0) | U9: =IF(AND(R9=1,K9=Q9),1/S9,0) | V9: =IF(AND(R9=1,L9=Q9),1/S9,0) | W9: =IF(AND(R9=1,M9=Q9),1/S9,0) | X9: =IF(AND(R9=1,N9=Q9),1/S9,0) | Y9: =IF(AND(R9=1,O9=Q9),1/S9,0) | Z9: =IF(AND(R9=1,P9=Q9),1/S9,0)
A10: 11 | B10: 25 | C10: 25 | D10: 25 | E10: 25 | F10: 50 | G10: 25 | H10: =MAX(B10:G10) | J10: 0 | K10: =B10-$K$1 | L10: =C10-$K$1 | M10: =D10-$K$1 | N10: =E10-$K$1 | O10: =F10-$K$1 | P10: =G10-$K$1 | Q10: =MAX(J10:P10) | R10: =IF(MAX(K10:P10)>=0,1,0) | S10: =IF(R10=1,COUNTIF(K10:P10,Q10),0) | U10: =IF(AND(R10=1,K10=Q10),1/S10,0) | V10: =IF(AND(R10=1,L10=Q10),1/S10,0) | W10: =IF(AND(R10=1,M10=Q10),1/S10,0) | X10: =IF(AND(R10=1,N10=Q10),1/S10,0) | Y10: =IF(AND(R10=1,O10=Q10),1/S10,0) | Z10: =IF(AND(R10=1,P10=Q10),1/S10,0)
A11: 12 | B11: 50 | C11: 75 | D11: 150 | E11: 75 | F11: 150 | G11: 75 | H11: =MAX(B11:G11) | J11: 0 | K11: =B11-$K$1 | L11: =C11-$K$1 | M11: =D11-$K$1 | N11: =E11-$K$1 | O11: =F11-$K$1 | P11: =G11-$K$1 | Q11: =MAX(J11:P11) | R11: =IF(MAX(K11:P11)>=0,1,0) | S11: =IF(R11=1,COUNTIF(K11:P11,Q11),0) | U11: =IF(AND(R11=1,K11=Q11),1/S11,0) | V11: =IF(AND(R11=1,L11=Q11),1/S11,0) | W11: =IF(AND(R11=1,M11=Q11),1/S11,0) | X11: =IF(AND(R11=1,N11=Q11),1/S11,0) | Y11: =IF(AND(R11=1,O11=Q11),1/S11,0) | Z11: =IF(AND(R11=1,P11=Q11),1/S11,0)
A12: 13 | B12: 25 | C12: 25 | D12: 25 | E12: 25 | F12: 25 | G12: 25 | H12: =MAX(B12:G12) | J12: 0 | K12: =B12-$K$1 | L12: =C12-$K$1 | M12: =D12-$K$1 | N12: =E12-$K$1 | O12: =F12-$K$1 | P12: =G12-$K$1 | Q12: =MAX(J12:P12) | R12: =IF(MAX(K12:P12)>=0,1,0) | S12: =IF(R12=1,COUNTIF(K12:P12,Q12),0) | U12: =IF(AND(R12=1,K12=Q12),1/S12,0) | V12: =IF(AND(R12=1,L12=Q12),1/S12,0) | W12: =IF(AND(R12=1,M12=Q12),1/S12,0) | X12: =IF(AND(R12=1,N12=Q12),1/S12,0) | Y12: =IF(AND(R12=1,O12=Q12),1/S12,0) | Z12: =IF(AND(R12=1,P12=Q12),1/S12,0)
A13: 14 | B13: 50 | C13: 75 | D13: 100 | E13: 100 | F13: 125 | G13: 100 | H13: =MAX(B13:G13) | J13: 0 | K13: =B13-$K$1 | L13: =C13-$K$1 | M13: =D13-$K$1 | N13: =E13-$K$1 | O13: =F13-$K$1 | P13: =G13-$K$1 | Q13: =MAX(J13:P13) | R13: =IF(MAX(K13:P13)>=0,1,0) | S13: =IF(R13=1,COUNTIF(K13:P13,Q13),0) | U13: =IF(AND(R13=1,K13=Q13),1/S13,0) | V13: =IF(AND(R13=1,L13=Q13),1/S13,0) | W13: =IF(AND(R13=1,M13=Q13),1/S13,0) | X13: =IF(AND(R13=1,N13=Q13),1/S13,0) | Y13: =IF(AND(R13=1,O13=Q13),1/S13,0) | Z13: =IF(AND(R13=1,P13=Q13),1/S13,0)
A14: 15 | B14: 100 | C14: 125 | D14: 125 | E14: 125 | F14: 125 | G14: 100 | H14: =MAX(B14:G14) | J14: 0 | K14: =B14-$K$1 | L14: =C14-$K$1 | M14: =D14-$K$1 | N14: =E14-$K$1 | O14: =F14-$K$1 | P14: =G14-$K$1 | Q14: =MAX(J14:P14) | R14: =IF(MAX(K14:P14)>=0,1,0) | S14: =IF(R14=1,COUNTIF(K14:P14,Q14),0) | U14: =IF(AND(R14=1,K14=Q14),1/S14,0) | V14: =IF(AND(R14=1,L14=Q14),1/S14,0) | W14: =IF(AND(R14=1,M14=Q14),1/S14,0) | X14: =IF(AND(R14=1,N14=Q14),1/S14,0) | Y14: =IF(AND(R14=1,O14=Q14),1/S14,0) | Z14: =IF(AND(R14=1,P14=Q14),1/S14,0)
A15: 16 | B15: 25 | C15: 25 | D15: 25 | E15: 25 | F15: 25 | G15: 25 | H15: =MAX(B15:G15) | J15: 0 | K15: =B15-$K$1 | L15: =C15-$K$1 | M15: =D15-$K$1 | N15: =E15-$K$1 | O15: =F15-$K$1 | P15: =G15-$K$1 | Q15: =MAX(J15:P15) | R15: =IF(MAX(K15:P15)>=0,1,0) | S15: =IF(R15=1,COUNTIF(K15:P15,Q15),0) | U15: =IF(AND(R15=1,K15=Q15),1/S15,0) | V15: =IF(AND(R15=1,L15=Q15),1/S15,0) | W15: =IF(AND(R15=1,M15=Q15),1/S15,0) | X15: =IF(AND(R15=1,N15=Q15),1/S15,0) | Y15: =IF(AND(R15=1,O15=Q15),1/S15,0) | Z15: =IF(AND(R15=1,P15=Q15),1/S15,0)
... A83: 113 | B83: 100 | C83: 100 | D83: 75 | E83: 75 | F83: 25 | G83: 25 | H83: =MAX(B83:G83) | J83: 0 | K83: =B83-$K$1 | L83: =C83-$K$1 | M83: =D83-$K$1 | N83: =E83-$K$1 | O83: =F83-$K$1 | P83: =G83-$K$1 | Q83: =MAX(J83:P83) | R83: =IF(MAX(K83:P83)>=0,1,0) | S83: =IF(R83=1,COUNTIF(K83:P83,Q83),0) | U83: =IF(AND(R83=1,K83=Q83),1/S83,0) | V83: =IF(AND(R83=1,L83=Q83),1/S83,0) | W83: =IF(AND(R83=1,M83=Q83),1/S83,0) | X83: =IF(AND(R83=1,N83=Q83),1/S83,0) | Y83: =IF(AND(R83=1,O83=Q83),1/S83,0) | Z83: =IF(AND(R83=1,P83=Q83),1/S83,0)
T84: Total Non Student Demand | U84: =SUM(U4:U83) | V84: =SUM(V4:V83) | W84: =SUM(W4:W83) | X84: =SUM(X4:X83) | Y84: =SUM(Y4:Y83) | Z84: =SUM(Z4:Z83)

Sheet Q3 All WTP
K1: Price | L1: 75
A2: Client | B2: Student | C2: MAXIMUM WTP for each time period | I2: Max.WTP | K2: Net Utility | R2: Max Net Utility | S2: Buy | T2: # Acceptable Time Slots | V2: Probability of Buying a Time Slot
A3: ID | B3: ID | C3: 6am-9am | D3: 9am-noon | E3: Noon-2pm | F3: 2pm-5pm | G3: 5pm-9pm | H3: 9pm-close | I3: Day | K3: not buy | L3: 6am-9am | M3: 9am-noon | N3: Noon-2pm | O3: 2pm-5pm | P3: 5pm-9pm | Q3: 9pm-close | R3: Day | V3: 6am-9am | W3: 9am-noon | X3: Noon-2pm | Y3: 2pm-5pm | Z3: 5pm-9pm | AA3: 9pm-close
A4: 1 | B4: 1 | C4: 75 | D4: 25 | E4: 50 | F4: 25 | G4: 75 | H4: 50 | I4: =MAX(C4:H4) | K4: 0 | L4: =C4-$L$1 | M4: =D4-$L$1 | N4: =E4-$L$1 | O4: =F4-$L$1 | P4: =G4-$L$1 | Q4: =H4-$L$1 | R4: =MAX(K4:Q4) | S4: =IF(MAX(L4:Q4)>=0,1,0) | T4: =IF(S4=1,COUNTIF(L4:Q4,R4),0) | V4: =IF(AND(S4=1,L4=R4),1/T4,0) | W4: =IF(AND(S4=1,M4=R4),1/T4,0) | X4: =IF(AND(S4=1,N4=R4),1/T4,0) | Y4: =IF(AND(S4=1,O4=R4),1/T4,0) | Z4: =IF(AND(S4=1,P4=R4),1/T4,0) | AA4: =IF(AND(S4=1,Q4=R4),1/T4,0)
A5: 2 | B5: 0 | C5: 25 | D5: 25 | E5: 25 | F5: 25 | G5: 75 | H5: 75 | I5: =MAX(C5:H5) | K5: 0 | L5: =C5-$L$1 | M5: =D5-$L$1 | N5: =E5-$L$1 | O5: =F5-$L$1 | P5: =G5-$L$1 | Q5: =H5-$L$1 | R5: =MAX(K5:Q5) | S5: =IF(MAX(L5:Q5)>=0,1,0) | T5: =IF(S5=1,COUNTIF(L5:Q5,R5),0) | V5: =IF(AND(S5=1,L5=R5),1/T5,0) | W5: =IF(AND(S5=1,M5=R5),1/T5,0) | X5: =IF(AND(S5=1,N5=R5),1/T5,0) | Y5: =IF(AND(S5=1,O5=R5),1/T5,0) | Z5: =IF(AND(S5=1,P5=R5),1/T5,0) | AA5: =IF(AND(S5=1,Q5=R5),1/T5,0)
A6: 3 | B6: 0 | C6: 25 | D6: 25 | E6: 25 | F6: 25 | G6: 50 | H6: 50 | I6: =MAX(C6:H6) | K6: 0 | L6: =C6-$L$1 | M6: =D6-$L$1 | N6: =E6-$L$1 | O6: =F6-$L$1 | P6: =G6-$L$1 | Q6: =H6-$L$1 | R6: =MAX(K6:Q6) | S6: =IF(MAX(L6:Q6)>=0,1,0) | T6: =IF(S6=1,COUNTIF(L6:Q6,R6),0) | V6: =IF(AND(S6=1,L6=R6),1/T6,0) | W6: =IF(AND(S6=1,M6=R6),1/T6,0) | X6: =IF(AND(S6=1,N6=R6),1/T6,0) | Y6: =IF(AND(S6=1,O6=R6),1/T6,0) | Z6: =IF(AND(S6=1,P6=R6),1/T6,0) | AA6: =IF(AND(S6=1,Q6=R6),1/T6,0)
A7: 4 | B7: 1 | C7: 25 | D7: 25 | E7: 25 | F7: 25 | G7: 50 | H7: 75 | I7: =MAX(C7:H7) | K7: 0 | L7: =C7-$L$1 | M7: =D7-$L$1 | N7: =E7-$L$1 | O7: =F7-$L$1 | P7: =G7-$L$1 | Q7: =H7-$L$1 | R7: =MAX(K7:Q7) | S7: =IF(MAX(L7:Q7)>=0,1,0) | T7: =IF(S7=1,COUNTIF(L7:Q7,R7),0) | V7: =IF(AND(S7=1,L7=R7),1/T7,0) | W7: =IF(AND(S7=1,M7=R7),1/T7,0) | X7: =IF(AND(S7=1,N7=R7),1/T7,0) | Y7: =IF(AND(S7=1,O7=R7),1/T7,0) | Z7: =IF(AND(S7=1,P7=R7),1/T7,0) | AA7: =IF(AND(S7=1,Q7=R7),1/T7,0)
A8: 5 | B8: 0 | C8: 75 | D8: 75 | E8: 75 | F8: 75 | G8: 75 | H8: 75 | I8: =MAX(C8:H8) | K8: 0 | L8: =C8-$L$1 | M8: =D8-$L$1 | N8: =E8-$L$1 | O8: =F8-$L$1 | P8: =G8-$L$1 | Q8: =H8-$L$1 | R8: =MAX(K8:Q8) | S8: =IF(MAX(L8:Q8)>=0,1,0) | T8: =IF(S8=1,COUNTIF(L8:Q8,R8),0) | V8: =IF(AND(S8=1,L8=R8),1/T8,0) | W8: =IF(AND(S8=1,M8=R8),1/T8,0) | X8: =IF(AND(S8=1,N8=R8),1/T8,0) | Y8: =IF(AND(S8=1,O8=R8),1/T8,0) | Z8: =IF(AND(S8=1,P8=R8),1/T8,0) | AA8: =IF(AND(S8=1,Q8=R8),1/T8,0)
A9: 6 | B9: 0 | C9: 25 | D9: 25 | E9: 25 | F9: 25 | G9: 75 | H9: 75 | I9: =MAX(C9:H9) | K9: 0 | L9: =C9-$L$1 | M9: =D9-$L$1 | N9: =E9-$L$1 | O9: =F9-$L$1 | P9: =G9-$L$1 | Q9: =H9-$L$1 | R9: =MAX(K9:Q9) | S9: =IF(MAX(L9:Q9)>=0,1,0) | T9: =IF(S9=1,COUNTIF(L9:Q9,R9),0) | V9: =IF(AND(S9=1,L9=R9),1/T9,0) | W9: =IF(AND(S9=1,M9=R9),1/T9,0) | X9: =IF(AND(S9=1,N9=R9),1/T9,0) | Y9: =IF(AND(S9=1,O9=R9),1/T9,0) | Z9: =IF(AND(S9=1,P9=R9),1/T9,0) | AA9: =IF(AND(S9=1,Q9=R9),1/T9,0)
A10: 7 | B10: 1 | C10: 25 | D10: 25 | E10: 25 | F10: 25 | G10: 25 | H10: 25 | I10: =MAX(C10:H10) | K10: 0 | L10: =C10-$L$1 | M10: =D10-$L$1 | N10: =E10-$L$1 | O10: =F10-$L$1 | P10: =G10-$L$1 | Q10: =H10-$L$1 | R10: =MAX(K10:Q10) | S10: =IF(MAX(L10:Q10)>=0,1,0) | T10: =IF(S10=1,COUNTIF(L10:Q10,R10),0) | V10: =IF(AND(S10=1,L10=R10),1/T10,0) | W10: =IF(AND(S10=1,M10=R10),1/T10,0) | X10: =IF(AND(S10=1,N10=R10),1/T10,0) | Y10: =IF(AND(S10=1,O10=R10),1/T10,0) | Z10: =IF(AND(S10=1,P10=R10),1/T10,0) | AA10: =IF(AND(S10=1,Q10=R10),1/T10,0)
A11: 8 | B11: 1 | C11: 50 | D11: 50 | E11: 50 | F11: 50 | G11: 50 | H11: 50 | I11: =MAX(C11:H11) | K11: 0 | L11: =C11-$L$1 | M11: =D11-$L$1 | N11: =E11-$L$1 | O11: =F11-$L$1 | P11: =G11-$L$1 | Q11: =H11-$L$1 | R11: =MAX(K11:Q11) | S11: =IF(MAX(L11:Q11)>=0,1,0) | T11: =IF(S11=1,COUNTIF(L11:Q11,R11),0) | V11: =IF(AND(S11=1,L11=R11),1/T11,0) | W11: =IF(AND(S11=1,M11=R11),1/T11,0) | X11: =IF(AND(S11=1,N11=R11),1/T11,0) | Y11: =IF(AND(S11=1,O11=R11),1/T11,0) | Z11: =IF(AND(S11=1,P11=R11),1/T11,0) | AA11: =IF(AND(S11=1,Q11=R11),1/T11,0)
A12: 9 | B12: 0 | C12: 100 | D12: 100 | E12: 100 | F12: 100 | G12: 100 | H12: 100 | I12: =MAX(C12:H12) | K12: 0 | L12: =C12-$L$1 | M12: =D12-$L$1 | N12: =E12-$L$1 | O12: =F12-$L$1 | P12: =G12-$L$1 | Q12: =H12-$L$1 | R12: =MAX(K12:Q12) | S12: =IF(MAX(L12:Q12)>=0,1,0) | T12: =IF(S12=1,COUNTIF(L12:Q12,R12),0) | V12: =IF(AND(S12=1,L12=R12),1/T12,0) | W12: =IF(AND(S12=1,M12=R12),1/T12,0) | X12: =IF(AND(S12=1,N12=R12),1/T12,0) | Y12: =IF(AND(S12=1,O12=R12),1/T12,0) | Z12: =IF(AND(S12=1,P12=R12),1/T12,0) | AA12: =IF(AND(S12=1,Q12=R12),1/T12,0)
A13: 10 | B13: 0 | C13: 100 | D13: 100 | E13: 100 | F13: 100 | G13: 100 | H13: 100 | I13: =MAX(C13:H13) | K13: 0 | L13: =C13-$L$1 | M13: =D13-$L$1 | N13: =E13-$L$1 | O13: =F13-$L$1 | P13: =G13-$L$1 | Q13: =H13-$L$1 | R13: =MAX(K13:Q13) | S13: =IF(MAX(L13:Q13)>=0,1,0) | T13: =IF(S13=1,COUNTIF(L13:Q13,R13),0) | V13: =IF(AND(S13=1,L13=R13),1/T13,0) | W13: =IF(AND(S13=1,M13=R13),1/T13,0) | X13: =IF(AND(S13=1,N13=R13),1/T13,0) | Y13: =IF(AND(S13=1,O13=R13),1/T13,0) | Z13: =IF(AND(S13=1,P13=R13),1/T13,0) | AA13: =IF(AND(S13=1,Q13=R13),1/T13,0)
A14: 11 | B14: 0 | C14: 25 | D14: 25 | E14: 25 | F14: 25 | G14: 50 | H14: 25 | I14: =MAX(C14:H14) | K14: 0 | L14: =C14-$L$1 | M14: =D14-$L$1 | N14: =E14-$L$1 | O14: =F14-$L$1 | P14: =G14-$L$1 | Q14: =H14-$L$1 | R14: =MAX(K14:Q14) | S14: =IF(MAX(L14:Q14)>=0,1,0) | T14: =IF(S14=1,COUNTIF(L14:Q14,R14),0) | V14: =IF(AND(S14=1,L14=R14),1/T14,0) | W14: =IF(AND(S14=1,M14=R14),1/T14,0) | X14: =IF(AND(S14=1,N14=R14),1/T14,0) | Y14: =IF(AND(S14=1,O14=R14),1/T14,0) | Z14: =IF(AND(S14=1,P14=R14),1/T14,0) | AA14: =IF(AND(S14=1,Q14=R14),1/T14,0)
A15: 12 | B15: 0 | C15: 50 | D15: 75 | E15: 150 | F15: 75 | G15: 150 | H15: 75 | I15: =MAX(C15:H15) | K15: 0 | L15: =C15-$L$1 | M15: =D15-$L$1 | N15: =E15-$L$1 | O15: =F15-$L$1 | P15: =G15-$L$1 | Q15: =H15-$L$1 | R15: =MAX(K15:Q15) | S15: =IF(MAX(L15:Q15)>=0,1,0) | T15: =IF(S15=1,COUNTIF(L15:Q15,R15),0) | V15: =IF(AND(S15=1,L15=R15),1/T15,0) | W15: =IF(AND(S15=1,M15=R15),1/T15,0) | X15: =IF(AND(S15=1,N15=R15),1/T15,0) | Y15: =IF(AND(S15=1,O15=R15),1/T15,0) | Z15: =IF(AND(S15=1,P15=R15),1/T15,0) | AA15: =IF(AND(S15=1,Q15=R15),1/T15,0)
... A116: 113 | B116: 0 | C116: 100 | D116: 100 | E116: 75 | F116: 75 | G116: 25 | H116: 25 | I116: =MAX(C116:H116) | K116: 0 | L116: =C116-$L$1 | M116: =D116-$L$1 | N116: =E116-$L$1 | O116: =F116-$L$1 | P116: =G116-$L$1 | Q116: =H116-$L$1 | R116: =MAX(K116:Q116) | S116: =IF(MAX(L116:Q116)>=0,1,0) | T116: =IF(S116=1,COUNTIF(L116:Q116,R116),0) | V116: =IF(AND(S116=1,L116=R116),1/T116,0) | W116: =IF(AND(S116=1,M116=R116),1/T116,0) | X116: =IF(AND(S116=1,N116=R116),1/T116,0) | Y116: =IF(AND(S116=1,O116=R116),1/T116,0) | Z116: =IF(AND(S116=1,P116=R116),1/T116,0) | AA116: =IF(AND(S116=1,Q116=R116),1/T116,0)
U117: Total Demand
U118: Total Student Demand
U119: Total Non Student Demand

Sheet Q3-DemandTable
B1: Two Tier Pricing | C1: 6am-9am | D1: 9am-noon | E1: Noon-2pm | F1: 2pm-5pm | G1: 5pm-9pm | H1: 9pm-close
B2: Total Student Demand | C2: ='Q3-Student WTP'!U37*10000/113 | D2: ='Q3-Student WTP'!V37*10000/113 | E2: ='Q3-Student WTP'!W37*10000/113 | F2: ='Q3-Student WTP'!X37*10000/113 | G2: ='Q3-Student WTP'!Y37*10000/113 | H2: ='Q3-Student WTP'!Z37*10000/113
B3: Total Non-Student Demand | C3: ='Q3-NonStudent WTP'!U84*10000/113 | D3: ='Q3-NonStudent WTP'!V84*10000/113 | E3: ='Q3-NonStudent WTP'!W84*10000/113 | F3: ='Q3-NonStudent WTP'!X84*10000/113 | G3: ='Q3-NonStudent WTP'!Y84*10000/113 | H3: ='Q3-NonStudent WTP'!Z84*10000/113
B4: Total Demand | C4: =C2+C3 | D4: =D2+D3 | E4: =E2+E3 | F4: =F2+F3 | G4: =G2+G3 | H4: =H2+H3
B6: Flat Rate Pricing | C6: 6am-9am | D6: 9am-noon | E6: Noon-2pm | F6: 2pm-5pm | G6: 5pm-9pm | H6: 9pm-close
B7: Total Student Demand | C7: =SUMPRODUCT('Q3 All WTP'!$B$4:$B$116,'Q3 All WTP'!V$4:V$116)*10000/113 | D7: =SUMPRODUCT('Q3 All WTP'!$B$4:$B$116,'Q3 All WTP'!W$4:W$116)*10000/113 | E7: =SUMPRODUCT('Q3 All WTP'!$B$4:$B$116,'Q3 All WTP'!X$4:X$116)*10000/113 | F7: =SUMPRODUCT('Q3 All WTP'!$B$4:$B$116,'Q3 All WTP'!Y$4:Y$116)*10000/113 | G7: =SUMPRODUCT('Q3 All WTP'!$B$4:$B$116,'Q3 All WTP'!Z$4:Z$116)*10000/113 | H7: =SUMPRODUCT('Q3 All WTP'!$B$4:$B$116,'Q3 All WTP'!AA$4:AA$116)*10000/113
B8: Total Non-Student Demand | C8: =SUMPRODUCT((1-'Q3 All WTP'!$B$4:$B$116),'Q3 All WTP'!V$4:V$116)*10000/113 | D8: =SUMPRODUCT((1-'Q3 All WTP'!$B$4:$B$116),'Q3 All WTP'!W$4:W$116)*10000/113 | E8: =SUMPRODUCT((1-'Q3 All WTP'!$B$4:$B$116),'Q3 All WTP'!X$4:X$116)*10000/113 | F8: =SUMPRODUCT((1-'Q3 All WTP'!$B$4:$B$116),'Q3 All WTP'!Y$4:Y$116)*10000/113 | G8: =SUMPRODUCT((1-'Q3 All WTP'!$B$4:$B$116),'Q3 All WTP'!Z$4:Z$116)*10000/113 | H8: =SUMPRODUCT((1-'Q3 All WTP'!$B$4:$B$116),'Q3 All WTP'!AA$4:AA$116)*10000/113
B9: Total Demand | C9: =C7+C8 | D9: =D7+D8 | E9: =E7+E8 | F9: =F7+F8 | G9: =G7+G8 | H9: =H7+H8
B11: Change in Demand (Two Tier - Flat Rate) | C11: =C4-C9 | D11: =D4-D9 | E11: =E4-E9 | F11: =F4-F9 | G11: =G4-G9 | H11: =H4-H9
